source_node,target_node,escalator,id
군자_001,군자_002,0,군자_001→군자_002
군자_001,군자_006,1,군자_001→군자_006
군자_001,군자_007,1,군자_001→군자_007
군자_001,군자_008,0,군자_001→군자_008
군자_001,군자_009,0,군자_001→군자_009
군자_001,군자_010,0,군자_001→군자_010
군자_001,군자_011,0,군자_001→군자_011
군자_001,군자_012,1,군자_001→군자_012
군자_001,군자_013,0,군자_001→군자_013
군자_002,군자_001,1,군자_002→군자_001
군자_002,군자_004,0,군자_002→군자_004
군자_003,군자_005,1,군자_003→군자_005
군자_004,군자_002,1,군자_004→군자_002
군자_004,군자_005,0,군자_004→군자_005
군자_005,군자_003,0,군자_005→군자_003
군자_005,군자_004,0,군자_005→군자_004
군자_006,군자_001,0,군자_006→군자_001
군자_007,군자_001,0,군자_007→군자_001
군자_008,군자_001,0,군자_008→군자_001
군자_009,군자_001,0,군자_009→군자_001
군자_010,군자_001,0,군자_010→군자_001
군자_011,군자_001,0,군자_011→군자_001
군자_012,군자_001,0,군자_012→군자_001
군자_013,군자_001,0,군자_013→군자_001
어린이대공원_001,어린이대공원_002,0,어린이대공원_001→어린이대공원_002
어린이대공원_001,어린이대공원_004,1,어린이대공원_001→어린이대공원_004
어린이대공원_001,어린이대공원_005,0,어린이대공원_001→어린이대공원_005
어린이대공원_001,어린이대공원_006,1,어린이대공원_001→어린이대공원_006
어린이대공원_001,어린이대공원_007,0,어린이대공원_001→어린이대공원_007
어린이대공원_001,어린이대공원_008,1,어린이대공원_001→어린이대공원_008
어린이대공원_001,어린이대공원_009,0,어린이대공원_001→어린이대공원_009
어린이대공원_002,어린이대공원_001,0,어린이대공원_002→어린이대공원_001
어린이대공원_002,어린이대공원_003,0,어린이대공원_002→어린이대공원_003
어린이대공원_003,어린이대공원_002,0,어린이대공원_003→어린이대공원_002
어린이대공원_004,어린이대공원_001,1,어린이대공원_004→어린이대공원_001
어린이대공원_005,어린이대공원_001,0,어린이대공원_005→어린이대공원_001
어린이대공원_006,어린이대공원_001,1,어린이대공원_006→어린이대공원_001
어린이대공원_007,어린이대공원_001,0,어린이대공원_007→어린이대공원_001
어린이대공원_008,어린이대공원_001,1,어린이대공원_008→어린이대공원_001
어린이대공원_009,어린이대공원_001,0,어린이대공원_009→어린이대공원_001
자양_001,자양_002,0,자양_001→자양_002
자양_001,자양_003,0,자양_001→자양_003
자양_001,자양_004,0,자양_001→자양_004
자양_001,자양_005,1,자양_001→자양_005
자양_001,자양_006,0,자양_001→자양_006
자양_002,자양_001,0,자양_002→자양_001
자양_003,자양_001,0,자양_003→자양_001
자양_004,자양_001,0,자양_004→자양_001
자양_005,자양_001,0,자양_005→자양_001
자양_006,자양_001,0,자양_006→자양_001
군자_014,군자_002,1,군자_014→군자_002
군자_014,군자_005,1,군자_014→군자_005
군자_002,군자_014,1,군자_002→군자_014
군자_005,군자_014,1,군자_005→군자_014
군자_014,군자_003,0,군자_014→군자_003
군자_014,군자_004,1,군자_014→군자_004
군자_003,군자_014,0,군자_003→군자_014
군자_004,군자_014,0,군자_004→군자_014
어린이대공원_010,어린이대공원_002,0,어린이대공원_010→어린이대공원_002
어린이대공원_002,어린이대공원_010,0,어린이대공원_002→어린이대공원_010
자양_007,자양_001,0,자양_007→자양_001
자양_001,자양_007,0,자양_001→자양_007
강남_001,강남_004,0,강남_001→강남_004
강남_001,강남_005,0,강남_001→강남_005
강남_002,강남_006,0,강남_002→강남_006
강남_002,강남_007,0,강남_002→강남_007
강남_003,강남_004,0,강남_003→강남_004
강남_003,강남_005,0,강남_003→강남_005
강남_003,강남_006,0,강남_003→강남_006
강남_003,강남_007,0,강남_003→강남_007
강남_004,강남_001,1,강남_004→강남_001
강남_004,강남_003,0,강남_004→강남_003
강남_005,강남_001,0,강남_005→강남_001
강남_005,강남_003,0,강남_005→강남_003
강남_006,강남_002,0,강남_006→강남_002
강남_006,강남_003,1,강남_006→강남_003
강남_007,강남_002,1,강남_007→강남_002
강남_007,강남_003,0,강남_007→강남_003
강변_001,강변_002,0,강변_001→강변_002
강변_001,강변_003,1,강변_001→강변_003
강변_002,강변_001,0,강변_002→강변_001
강변_003,강변_001,0,강변_003→강변_001
건대입구_001,건대입구_003,0,건대입구_001→건대입구_003
건대입구_001,건대입구_004,0,건대입구_001→건대입구_004
건대입구_001,건대입구_005,1,건대입구_001→건대입구_005
건대입구_001,건대입구_006,1,건대입구_001→건대입구_006
건대입구_002,건대입구_005,0,건대입구_002→건대입구_005
건대입구_002,건대입구_006,0,건대입구_002→건대입구_006
건대입구_003,건대입구_001,0,건대입구_003→건대입구_001
건대입구_004,건대입구_001,0,건대입구_004→건대입구_001
건대입구_005,건대입구_001,1,건대입구_005→건대입구_001
건대입구_005,건대입구_002,1,건대입구_005→건대입구_002
건대입구_006,건대입구_001,1,건대입구_006→건대입구_001
건대입구_006,건대입구_002,0,건대입구_006→건대입구_002
교대_001,교대_004,0,교대_001→교대_004
교대_001,교대_005,0,교대_001→교대_005
교대_002,교대_006,0,교대_002→교대_006
교대_002,교대_007,0,교대_002→교대_007
교대_003,교대_005,0,교대_003→교대_005
교대_003,교대_006,0,교대_003→교대_006
교대_003,교대_007,0,교대_003→교대_007
교대_004,교대_001,0,교대_004→교대_001
교대_004,교대_006,0,교대_004→교대_006
교대_004,교대_007,0,교대_004→교대_007
교대_005,교대_001,0,교대_005→교대_001
교대_005,교대_003,0,교대_005→교대_003
교대_006,교대_002,1,교대_006→교대_002
교대_006,교대_003,1,교대_006→교대_003
교대_006,교대_004,0,교대_006→교대_004
교대_007,교대_002,1,교대_007→교대_002
교대_007,교대_003,0,교대_007→교대_003
교대_007,교대_004,0,교대_007→교대_004
구로디지털단지_001,구로디지털단지_002,0,구로디지털단지_001→구로디지털단지_002
구로디지털단지_001,구로디지털단지_003,0,구로디지털단지_001→구로디지털단지_003
구로디지털단지_002,구로디지털단지_001,1,구로디지털단지_002→구로디지털단지_001
구로디지털단지_003,구로디지털단지_001,0,구로디지털단지_003→구로디지털단지_001
구의_001,구의_002,0,구의_001→구의_002
구의_001,구의_003,0,구의_001→구의_003
구의_002,구의_001,0,구의_002→구의_001
구의_003,구의_001,0,구의_003→구의_001
까치산_001,까치산_005,0,까치산_001→까치산_005
까치산_001,까치산_006,0,까치산_001→까치산_006
까치산_002,까치산_005,1,까치산_002→까치산_005
까치산_002,까치산_006,0,까치산_002→까치산_006
까치산_003,까치산_005,0,까치산_003→까치산_005
까치산_003,까치산_006,0,까치산_003→까치산_006
까치산_004,까치산_005,0,까치산_004→까치산_005
까치산_004,까치산_006,1,까치산_004→까치산_006
까치산_004,까치산_007,0,까치산_004→까치산_007
까치산_005,까치산_001,1,까치산_005→까치산_001
까치산_005,까치산_002,0,까치산_005→까치산_002
까치산_005,까치산_003,1,까치산_005→까치산_003
까치산_005,까치산_004,0,까치산_005→까치산_004
까치산_006,까치산_001,1,까치산_006→까치산_001
까치산_006,까치산_002,0,까치산_006→까치산_002
까치산_006,까치산_003,0,까치산_006→까치산_003
까치산_006,까치산_004,1,까치산_006→까치산_004
까치산_007,까치산_004,0,까치산_007→까치산_004
낙성대_001,낙성대_002,0,낙성대_001→낙성대_002
낙성대_001,낙성대_003,1,낙성대_001→낙성대_003
낙성대_002,낙성대_001,0,낙성대_002→낙성대_001
낙성대_003,낙성대_001,1,낙성대_003→낙성대_001
당산_001,당산_003,0,당산_001→당산_003
당산_001,당산_004,0,당산_001→당산_004
당산_001,당산_005,0,당산_001→당산_005
당산_002,당산_006,0,당산_002→당산_006
당산_002,당산_007,1,당산_002→당산_007
당산_003,당산_001,0,당산_003→당산_001
당산_003,당산_005,1,당산_003→당산_005
당산_003,당산_006,1,당산_003→당산_006
당산_003,당산_007,0,당산_003→당산_007
당산_004,당산_001,0,당산_004→당산_001
당산_005,당산_001,1,당산_005→당산_001
당산_005,당산_003,0,당산_005→당산_003
당산_006,당산_002,1,당산_006→당산_002
당산_006,당산_003,1,당산_006→당산_003
당산_007,당산_002,0,당산_007→당산_002
당산_007,당산_003,0,당산_007→당산_003
대림_001,대림_002,0,대림_001→대림_002
대림_001,대림_003,0,대림_001→대림_003
대림_001,대림_004,0,대림_001→대림_004
대림_002,대림_001,0,대림_002→대림_001
대림_002,대림_005,0,대림_002→대림_005
대림_002,대림_006,0,대림_002→대림_006
대림_003,대림_001,0,대림_003→대림_001
대림_004,대림_001,0,대림_004→대림_001
대림_005,대림_002,0,대림_005→대림_002
대림_006,대림_002,0,대림_006→대림_002
도림천_001,도림천_005,0,도림천_001→도림천_005
도림천_001,도림천_006,1,도림천_001→도림천_006
도림천_002,도림천_005,1,도림천_002→도림천_005
도림천_002,도림천_006,1,도림천_002→도림천_006
도림천_003,도림천_005,0,도림천_003→도림천_005
도림천_003,도림천_006,1,도림천_003→도림천_006
도림천_004,도림천_005,0,도림천_004→도림천_005
도림천_004,도림천_006,1,도림천_004→도림천_006
도림천_005,도림천_001,1,도림천_005→도림천_001
도림천_005,도림천_002,0,도림천_005→도림천_002
도림천_005,도림천_003,0,도림천_005→도림천_003
도림천_005,도림천_004,0,도림천_005→도림천_004
도림천_006,도림천_001,0,도림천_006→도림천_001
도림천_006,도림천_002,0,도림천_006→도림천_002
도림천_006,도림천_003,1,도림천_006→도림천_003
도림천_006,도림천_004,1,도림천_006→도림천_004
동대문역사문화공원_001,동대문역사문화공원_002,1,동대문역사문화공원_001→동대문역사문화공원_002
동대문역사문화공원_001,동대문역사문화공원_007,0,동대문역사문화공원_001→동대문역사문화공원_007
동대문역사문화공원_001,동대문역사문화공원_008,0,동대문역사문화공원_001→동대문역사문화공원_008
동대문역사문화공원_002,동대문역사문화공원_001,0,동대문역사문화공원_002→동대문역사문화공원_001
동대문역사문화공원_002,동대문역사문화공원_009,1,동대문역사문화공원_002→동대문역사문화공원_009
동대문역사문화공원_002,동대문역사문화공원_010,0,동대문역사문화공원_002→동대문역사문화공원_010
동대문역사문화공원_003,동대문역사문화공원_009,1,동대문역사문화공원_003→동대문역사문화공원_009
동대문역사문화공원_003,동대문역사문화공원_010,1,동대문역사문화공원_003→동대문역사문화공원_010
동대문역사문화공원_004,동대문역사문화공원_011,0,동대문역사문화공원_004→동대문역사문화공원_011
동대문역사문화공원_004,동대문역사문화공원_012,0,동대문역사문화공원_004→동대문역사문화공원_012
동대문역사문화공원_005,동대문역사문화공원_011,0,동대문역사문화공원_005→동대문역사문화공원_011
동대문역사문화공원_005,동대문역사문화공원_012,0,동대문역사문화공원_005→동대문역사문화공원_012
동대문역사문화공원_006,동대문역사문화공원_011,1,동대문역사문화공원_006→동대문역사문화공원_011
동대문역사문화공원_006,동대문역사문화공원_012,0,동대문역사문화공원_006→동대문역사문화공원_012
동대문역사문화공원_007,동대문역사문화공원_001,0,동대문역사문화공원_007→동대문역사문화공원_001
동대문역사문화공원_008,동대문역사문화공원_001,1,동대문역사문화공원_008→동대문역사문화공원_001
동대문역사문화공원_009,동대문역사문화공원_002,1,동대문역사문화공원_009→동대문역사문화공원_002
동대문역사문화공원_009,동대문역사문화공원_003,0,동대문역사문화공원_009→동대문역사문화공원_003
동대문역사문화공원_009,동대문역사문화공원_011,0,동대문역사문화공원_009→동대문역사문화공원_011
동대문역사문화공원_009,동대문역사문화공원_012,1,동대문역사문화공원_009→동대문역사문화공원_012
동대문역사문화공원_010,동대문역사문화공원_002,1,동대문역사문화공원_010→동대문역사문화공원_002
동대문역사문화공원_010,동대문역사문화공원_003,0,동대문역사문화공원_010→동대문역사문화공원_003
동대문역사문화공원_010,동대문역사문화공원_011,0,동대문역사문화공원_010→동대문역사문화공원_011
동대문역사문화공원_010,동대문역사문화공원_012,0,동대문역사문화공원_010→동대문역사문화공원_012
동대문역사문화공원_011,동대문역사문화공원_004,0,동대문역사문화공원_011→동대문역사문화공원_004
동대문역사문화공원_011,동대문역사문화공원_005,0,동대문역사문화공원_011→동대문역사문화공원_005
동대문역사문화공원_011,동대문역사문화공원_006,0,동대문역사문화공원_011→동대문역사문화공원_006
동대문역사문화공원_011,동대문역사문화공원_009,0,동대문역사문화공원_011→동대문역사문화공원_009
동대문역사문화공원_011,동대문역사문화공원_010,0,동대문역사문화공원_011→동대문역사문화공원_010
동대문역사문화공원_012,동대문역사문화공원_004,1,동대문역사문화공원_012→동대문역사문화공원_004
동대문역사문화공원_012,동대문역사문화공원_005,1,동대문역사문화공원_012→동대문역사문화공원_005
동대문역사문화공원_012,동대문역사문화공원_006,0,동대문역사문화공원_012→동대문역사문화공원_006
동대문역사문화공원_012,동대문역사문화공원_009,0,동대문역사문화공원_012→동대문역사문화공원_009
동대문역사문화공원_012,동대문역사문화공원_010,0,동대문역사문화공원_012→동대문역사문화공원_010
뚝섬_001,뚝섬_002,0,뚝섬_001→뚝섬_002
뚝섬_001,뚝섬_003,1,뚝섬_001→뚝섬_003
뚝섬_002,뚝섬_001,0,뚝섬_002→뚝섬_001
뚝섬_003,뚝섬_001,1,뚝섬_003→뚝섬_001
문래_001,문래_002,0,문래_001→문래_002
문래_001,문래_003,0,문래_001→문래_003
문래_002,문래_001,0,문래_002→문래_001
문래_003,문래_001,0,문래_003→문래_001
방배_001,방배_002,0,방배_001→방배_002
방배_001,방배_003,0,방배_001→방배_003
방배_002,방배_001,1,방배_002→방배_001
방배_003,방배_001,1,방배_003→방배_001
봉천_001,봉천_002,0,봉천_001→봉천_002
봉천_001,봉천_003,0,봉천_001→봉천_003
봉천_002,봉천_001,0,봉천_002→봉천_001
봉천_003,봉천_001,0,봉천_003→봉천_001
사당_001,사당_004,1,사당_001→사당_004
사당_001,사당_005,0,사당_001→사당_005
사당_002,사당_006,1,사당_002→사당_006
사당_002,사당_007,0,사당_002→사당_007
사당_003,사당_005,1,사당_003→사당_005
사당_003,사당_006,0,사당_003→사당_006
사당_003,사당_007,0,사당_003→사당_007
사당_004,사당_001,0,사당_004→사당_001
사당_004,사당_006,1,사당_004→사당_006
사당_004,사당_007,0,사당_004→사당_007
사당_005,사당_001,1,사당_005→사당_001
사당_005,사당_003,0,사당_005→사당_003
사당_006,사당_002,0,사당_006→사당_002
사당_006,사당_003,0,사당_006→사당_003
사당_006,사당_004,0,사당_006→사당_004
사당_007,사당_002,1,사당_007→사당_002
사당_007,사당_003,1,사당_007→사당_003
사당_007,사당_004,0,사당_007→사당_004
삼성_001,삼성_002,1,삼성_001→삼성_002
삼성_001,삼성_003,0,삼성_001→삼성_003
삼성_002,삼성_001,0,삼성_002→삼성_001
삼성_003,삼성_001,1,삼성_003→삼성_001
상왕십리_001,상왕십리_002,0,상왕십리_001→상왕십리_002
상왕십리_001,상왕십리_003,0,상왕십리_001→상왕십리_003
상왕십리_002,상왕십리_001,0,상왕십리_002→상왕십리_001
상왕십리_003,상왕십리_001,0,상왕십리_003→상왕십리_001
서울대입구_001,서울대입구_002,0,서울대입구_001→서울대입구_002
서울대입구_001,서울대입구_003,0,서울대입구_001→서울대입구_003
서울대입구_002,서울대입구_001,0,서울대입구_002→서울대입구_001
서울대입구_003,서울대입구_001,0,서울대입구_003→서울대입구_001
서초_001,서초_002,0,서초_001→서초_002
서초_001,서초_003,0,서초_001→서초_003
서초_002,서초_001,1,서초_002→서초_001
서초_003,서초_001,0,서초_003→서초_001
선릉_001,선릉_004,0,선릉_001→선릉_004
선릉_001,선릉_005,0,선릉_001→선릉_005
선릉_002,선릉_006,1,선릉_002→선릉_006
선릉_002,선릉_007,0,선릉_002→선릉_007
선릉_002,선릉_009,0,선릉_002→선릉_009
선릉_003,선릉_004,1,선릉_003→선릉_004
선릉_003,선릉_005,0,선릉_003→선릉_005
선릉_003,선릉_006,1,선릉_003→선릉_006
선릉_003,선릉_007,0,선릉_003→선릉_007
선릉_004,선릉_001,0,선릉_004→선릉_001
선릉_004,선릉_003,0,선릉_004→선릉_003
선릉_005,선릉_001,0,선릉_005→선릉_001
선릉_005,선릉_003,0,선릉_005→선릉_003
선릉_006,선릉_002,0,선릉_006→선릉_002
선릉_006,선릉_003,0,선릉_006→선릉_003
선릉_007,선릉_002,1,선릉_007→선릉_002
선릉_007,선릉_003,1,선릉_007→선릉_003
선릉_009,선릉_002,0,선릉_009→선릉_002
성수_001,성수_002,0,성수_001→성수_002
성수_001,성수_003,0,성수_001→성수_003
성수_001,성수_004,0,성수_001→성수_004
성수_002,성수_001,1,성수_002→성수_001
성수_003,성수_001,1,성수_003→성수_001
성수_004,성수_001,0,성수_004→성수_001
시청_001,시청_004,0,시청_001→시청_004
시청_001,시청_005,0,시청_001→시청_005
시청_002,시청_006,0,시청_002→시청_006
시청_002,시청_007,0,시청_002→시청_007
시청_003,시청_004,0,시청_003→시청_004
시청_003,시청_005,1,시청_003→시청_005
시청_003,시청_006,0,시청_003→시청_006
시청_003,시청_007,1,시청_003→시청_007
시청_004,시청_001,0,시청_004→시청_001
시청_004,시청_003,0,시청_004→시청_003
시청_005,시청_001,0,시청_005→시청_001
시청_005,시청_003,0,시청_005→시청_003
시청_006,시청_002,1,시청_006→시청_002
시청_006,시청_003,1,시청_006→시청_003
시청_007,시청_002,0,시청_007→시청_002
시청_007,시청_003,0,시청_007→시청_003
신당_001,신당_003,1,신당_001→신당_003
신당_001,신당_004,0,신당_001→신당_004
신당_001,신당_005,0,신당_001→신당_005
신당_002,신당_006,0,신당_002→신당_006
신당_002,신당_007,1,신당_002→신당_007
신당_003,신당_001,0,신당_003→신당_001
신당_003,신당_006,0,신당_003→신당_006
신당_003,신당_007,0,신당_003→신당_007
신당_004,신당_001,0,신당_004→신당_001
신당_005,신당_001,0,신당_005→신당_001
신당_006,신당_002,0,신당_006→신당_002
신당_006,신당_003,0,신당_006→신당_003
신당_007,신당_002,1,신당_007→신당_002
신당_007,신당_003,0,신당_007→신당_003
신대방_001,신대방_002,0,신대방_001→신대방_002
신대방_001,신대방_003,1,신대방_001→신대방_003
신대방_002,신대방_001,0,신대방_002→신대방_001
신대방_003,신대방_001,1,신대방_003→신대방_001
신도림_001,신도림_004,0,신도림_001→신도림_004
신도림_001,신도림_005,1,신도림_001→신도림_005
신도림_001,신도림_006,0,신도림_001→신도림_006
신도림_001,신도림_007,1,신도림_001→신도림_007
신도림_001,신도림_011,0,신도림_001→신도림_011
신도림_001,신도림_012,1,신도림_001→신도림_012
신도림_001,신도림_013,1,신도림_001→신도림_013
신도림_001,신도림_014,0,신도림_001→신도림_014
신도림_002,신도림_003,0,신도림_002→신도림_003
신도림_002,신도림_011,1,신도림_002→신도림_011
신도림_002,신도림_012,0,신도림_002→신도림_012
신도림_002,신도림_013,0,신도림_002→신도림_013
신도림_002,신도림_014,0,신도림_002→신도림_014
신도림_003,신도림_002,0,신도림_003→신도림_002
신도림_004,신도림_001,1,신도림_004→신도림_001
신도림_005,신도림_001,0,신도림_005→신도림_001
신도림_006,신도림_001,0,신도림_006→신도림_001
신도림_007,신도림_001,0,신도림_007→신도림_001
신도림_011,신도림_001,0,신도림_011→신도림_001
신도림_011,신도림_002,0,신도림_011→신도림_002
신도림_012,신도림_001,0,신도림_012→신도림_001
신도림_012,신도림_002,1,신도림_012→신도림_002
신도림_013,신도림_001,0,신도림_013→신도림_001
신도림_013,신도림_002,1,신도림_013→신도림_002
신도림_014,신도림_001,0,신도림_014→신도림_001
신도림_014,신도림_002,0,신도림_014→신도림_002
신림_001,신림_002,0,신림_001→신림_002
신림_001,신림_003,0,신림_001→신림_003
신림_001,신림_004,0,신림_001→신림_004
신림_002,신림_001,0,신림_002→신림_001
신림_002,신림_005,0,신림_002→신림_005
신림_002,신림_006,1,신림_002→신림_006
신림_003,신림_001,0,신림_003→신림_001
신림_004,신림_001,0,신림_004→신림_001
신림_005,신림_002,0,신림_005→신림_002
신림_006,신림_002,0,신림_006→신림_002
신설동_001,신설동_003,1,신설동_001→신설동_003
신설동_001,신설동_004,0,신설동_001→신설동_004
신설동_002,신설동_004,1,신설동_002→신설동_004
신설동_003,신설동_001,0,신설동_003→신설동_001
신설동_003,신설동_005,1,신설동_003→신설동_005
신설동_003,신설동_006,0,신설동_003→신설동_006
신설동_004,신설동_001,0,신설동_004→신설동_001
신설동_004,신설동_002,1,신설동_004→신설동_002
신설동_005,신설동_003,0,신설동_005→신설동_003
신설동_006,신설동_003,0,신설동_006→신설동_003
신정네거리_001,신정네거리_003,0,신정네거리_001→신정네거리_003
신정네거리_001,신정네거리_004,0,신정네거리_001→신정네거리_004
신정네거리_002,신정네거리_003,1,신정네거리_002→신정네거리_003
신정네거리_002,신정네거리_004,0,신정네거리_002→신정네거리_004
신정네거리_003,신정네거리_001,0,신정네거리_003→신정네거리_001
신정네거리_003,신정네거리_002,1,신정네거리_003→신정네거리_002
신정네거리_004,신정네거리_001,0,신정네거리_004→신정네거리_001
신정네거리_004,신정네거리_002,1,신정네거리_004→신정네거리_002
신촌_001,신촌_002,1,신촌_001→신촌_002
신촌_001,신촌_003,0,신촌_001→신촌_003
신촌_002,신촌_001,0,신촌_002→신촌_001
신촌_003,신촌_001,1,신촌_003→신촌_001
아현_001,아현_002,0,아현_001→아현_002
아현_001,아현_003,1,아현_001→아현_003
아현_002,아현_001,0,아현_002→아현_001
아현_003,아현_001,0,아현_003→아현_001
양천구청_001,양천구청_002,0,양천구청_001→양천구청_002
양천구청_001,양천구청_003,0,양천구청_001→양천구청_003
양천구청_002,양천구청_001,0,양천구청_002→양천구청_001
양천구청_003,양천구청_001,1,양천구청_003→양천구청_001
역삼_001,역삼_003,0,역삼_001→역삼_003
역삼_001,역삼_004,0,역삼_001→역삼_004
역삼_002,역삼_003,0,역삼_002→역삼_003
역삼_002,역삼_004,0,역삼_002→역삼_004
역삼_003,역삼_001,0,역삼_003→역삼_001
역삼_003,역삼_002,0,역삼_003→역삼_002
역삼_004,역삼_001,1,역삼_004→역삼_001
역삼_004,역삼_002,0,역삼_004→역삼_002
영등포구청_001,영등포구청_006,0,영등포구청_001→영등포구청_006
영등포구청_001,영등포구청_007,1,영등포구청_001→영등포구청_007
영등포구청_002,영등포구청_008,0,영등포구청_002→영등포구청_008
영등포구청_002,영등포구청_009,0,영등포구청_002→영등포구청_009
영등포구청_003,영등포구청_008,1,영등포구청_003→영등포구청_008
영등포구청_003,영등포구청_009,0,영등포구청_003→영등포구청_009
영등포구청_004,영등포구청_008,0,영등포구청_004→영등포구청_008
영등포구청_004,영등포구청_009,1,영등포구청_004→영등포구청_009
영등포구청_005,영등포구청_006,1,영등포구청_005→영등포구청_006
영등포구청_005,영등포구청_007,0,영등포구청_005→영등포구청_007
영등포구청_005,영등포구청_008,1,영등포구청_005→영등포구청_008
영등포구청_005,영등포구청_009,0,영등포구청_005→영등포구청_009
영등포구청_006,영등포구청_001,1,영등포구청_006→영등포구청_001
영등포구청_006,영등포구청_005,0,영등포구청_006→영등포구청_005
영등포구청_007,영등포구청_001,0,영등포구청_007→영등포구청_001
영등포구청_007,영등포구청_005,0,영등포구청_007→영등포구청_005
영등포구청_008,영등포구청_002,0,영등포구청_008→영등포구청_002
영등포구청_008,영등포구청_003,0,영등포구청_008→영등포구청_003
영등포구청_008,영등포구청_004,0,영등포구청_008→영등포구청_004
영등포구청_008,영등포구청_005,0,영등포구청_008→영등포구청_005
영등포구청_009,영등포구청_002,1,영등포구청_009→영등포구청_002
영등포구청_009,영등포구청_003,0,영등포구청_009→영등포구청_003
영등포구청_009,영등포구청_004,0,영등포구청_009→영등포구청_004
영등포구청_009,영등포구청_005,0,영등포구청_009→영등포구청_005
왕십리_001,왕십리_008,0,왕십리_001→왕십리_008
왕십리_001,왕십리_009,0,왕십리_001→왕십리_009
왕십리_001,왕십리_012,1,왕십리_001→왕십리_012
왕십리_001,왕십리_013,1,왕십리_001→왕십리_013
왕십리_001,왕십리_014,1,왕십리_001→왕십리_014
왕십리_001,왕십리_015,0,왕십리_001→왕십리_015
왕십리_002,왕십리_010,0,왕십리_002→왕십리_010
왕십리_002,왕십리_011,0,왕십리_002→왕십리_011
왕십리_003,왕십리_008,0,왕십리_003→왕십리_008
왕십리_003,왕십리_009,0,왕십리_003→왕십리_009
왕십리_003,왕십리_010,0,왕십리_003→왕십리_010
왕십리_003,왕십리_011,0,왕십리_003→왕십리_011
왕십리_004,왕십리_012,1,왕십리_004→왕십리_012
왕십리_004,왕십리_013,1,왕십리_004→왕십리_013
왕십리_005,왕십리_012,0,왕십리_005→왕십리_012
왕십리_005,왕십리_013,1,왕십리_005→왕십리_013
왕십리_005,왕십리_014,0,왕십리_005→왕십리_014
왕십리_005,왕십리_015,1,왕십리_005→왕십리_015
왕십리_006,왕십리_014,0,왕십리_006→왕십리_014
왕십리_006,왕십리_015,0,왕십리_006→왕십리_015
왕십리_007,왕십리_014,1,왕십리_007→왕십리_014
왕십리_007,왕십리_015,1,왕십리_007→왕십리_015
왕십리_008,왕십리_001,1,왕십리_008→왕십리_001
왕십리_008,왕십리_003,0,왕십리_008→왕십리_003
왕십리_009,왕십리_001,1,왕십리_009→왕십리_001
왕십리_009,왕십리_003,0,왕십리_009→왕십리_003
왕십리_010,왕십리_002,0,왕십리_010→왕십리_002
왕십리_010,왕십리_003,0,왕십리_010→왕십리_003
왕십리_011,왕십리_002,1,왕십리_011→왕십리_002
왕십리_011,왕십리_003,1,왕십리_011→왕십리_003
왕십리_012,왕십리_001,0,왕십리_012→왕십리_001
왕십리_012,왕십리_004,0,왕십리_012→왕십리_004
왕십리_012,왕십리_005,0,왕십리_012→왕십리_005
왕십리_013,왕십리_001,0,왕십리_013→왕십리_001
왕십리_013,왕십리_004,0,왕십리_013→왕십리_004
왕십리_013,왕십리_005,0,왕십리_013→왕십리_005
왕십리_014,왕십리_001,0,왕십리_014→왕십리_001
왕십리_014,왕십리_005,0,왕십리_014→왕십리_005
왕십리_014,왕십리_006,0,왕십리_014→왕십리_006
왕십리_014,왕십리_007,0,왕십리_014→왕십리_007
왕십리_015,왕십리_001,1,왕십리_015→왕십리_001
왕십리_015,왕십리_005,0,왕십리_015→왕십리_005
왕십리_015,왕십리_006,0,왕십리_015→왕십리_006
왕십리_015,왕십리_007,1,왕십리_015→왕십리_007
을지로3가_001,을지로3가_004,0,을지로3가_001→을지로3가_004
을지로3가_001,을지로3가_005,1,을지로3가_001→을지로3가_005
을지로3가_002,을지로3가_006,0,을지로3가_002→을지로3가_006
을지로3가_002,을지로3가_007,0,을지로3가_002→을지로3가_007
을지로3가_003,을지로3가_004,0,을지로3가_003→을지로3가_004
을지로3가_003,을지로3가_005,0,을지로3가_003→을지로3가_005
을지로3가_003,을지로3가_006,0,을지로3가_003→을지로3가_006
을지로3가_003,을지로3가_007,0,을지로3가_003→을지로3가_007
을지로3가_004,을지로3가_001,1,을지로3가_004→을지로3가_001
을지로3가_004,을지로3가_003,1,을지로3가_004→을지로3가_003
을지로3가_005,을지로3가_001,0,을지로3가_005→을지로3가_001
을지로3가_005,을지로3가_003,0,을지로3가_005→을지로3가_003
을지로3가_006,을지로3가_002,1,을지로3가_006→을지로3가_002
을지로3가_006,을지로3가_003,1,을지로3가_006→을지로3가_003
을지로3가_007,을지로3가_002,1,을지로3가_007→을지로3가_002
을지로3가_007,을지로3가_003,0,을지로3가_007→을지로3가_003
을지로4가_001,을지로4가_006,1,을지로4가_001→을지로4가_006
을지로4가_001,을지로4가_007,1,을지로4가_001→을지로4가_007
을지로4가_002,을지로4가_008,0,을지로4가_002→을지로4가_008
을지로4가_002,을지로4가_009,0,을지로4가_002→을지로4가_009
을지로4가_003,을지로4가_006,0,을지로4가_003→을지로4가_006
을지로4가_003,을지로4가_007,0,을지로4가_003→을지로4가_007
을지로4가_003,을지로4가_008,0,을지로4가_003→을지로4가_008
을지로4가_003,을지로4가_009,1,을지로4가_003→을지로4가_009
을지로4가_004,을지로4가_008,1,을지로4가_004→을지로4가_008
을지로4가_004,을지로4가_009,0,을지로4가_004→을지로4가_009
을지로4가_005,을지로4가_008,0,을지로4가_005→을지로4가_008
을지로4가_005,을지로4가_009,1,을지로4가_005→을지로4가_009
을지로4가_006,을지로4가_001,0,을지로4가_006→을지로4가_001
을지로4가_006,을지로4가_003,0,을지로4가_006→을지로4가_003
을지로4가_007,을지로4가_001,1,을지로4가_007→을지로4가_001
을지로4가_007,을지로4가_003,1,을지로4가_007→을지로4가_003
을지로4가_008,을지로4가_002,1,을지로4가_008→을지로4가_002
을지로4가_008,을지로4가_003,1,을지로4가_008→을지로4가_003
을지로4가_008,을지로4가_004,0,을지로4가_008→을지로4가_004
을지로4가_008,을지로4가_005,1,을지로4가_008→을지로4가_005
을지로4가_009,을지로4가_002,1,을지로4가_009→을지로4가_002
을지로4가_009,을지로4가_003,0,을지로4가_009→을지로4가_003
을지로4가_009,을지로4가_004,1,을지로4가_009→을지로4가_004
을지로4가_009,을지로4가_005,1,을지로4가_009→을지로4가_005
을지로입구_001,을지로입구_002,0,을지로입구_001→을지로입구_002
을지로입구_001,을지로입구_003,0,을지로입구_001→을지로입구_003
을지로입구_002,을지로입구_001,0,을지로입구_002→을지로입구_001
을지로입구_003,을지로입구_001,0,을지로입구_003→을지로입구_001
이대_001,이대_002,0,이대_001→이대_002
이대_001,이대_003,1,이대_001→이대_003
이대_002,이대_001,0,이대_002→이대_001
이대_003,이대_001,0,이대_003→이대_001
잠실_001,잠실_003,0,잠실_001→잠실_003
잠실_001,잠실_004,0,잠실_001→잠실_004
잠실_002,잠실_005,0,잠실_002→잠실_005
잠실_002,잠실_006,0,잠실_002→잠실_006
잠실_003,잠실_001,0,잠실_003→잠실_001
잠실_003,잠실_005,0,잠실_003→잠실_005
잠실_003,잠실_006,1,잠실_003→잠실_006
잠실_004,잠실_005,0,잠실_004→잠실_005
잠실_004,잠실_001,0,잠실_004→잠실_001
잠실_004,잠실_006,0,잠실_004→잠실_006
잠실_005,잠실_002,0,잠실_005→잠실_002
잠실_005,잠실_003,0,잠실_005→잠실_003
잠실_005,잠실_004,0,잠실_005→잠실_004
잠실_006,잠실_002,0,잠실_006→잠실_002
잠실_006,잠실_003,1,잠실_006→잠실_003
잠실_006,잠실_004,0,잠실_006→잠실_004
잠실나루_001,잠실나루_002,1,잠실나루_001→잠실나루_002
잠실나루_001,잠실나루_003,1,잠실나루_001→잠실나루_003
잠실나루_002,잠실나루_001,0,잠실나루_002→잠실나루_001
잠실나루_003,잠실나루_001,0,잠실나루_003→잠실나루_001
잠실새내_001,잠실새내_002,1,잠실새내_001→잠실새내_002
잠실새내_001,잠실새내_003,0,잠실새내_001→잠실새내_003
잠실새내_002,잠실새내_001,0,잠실새내_002→잠실새내_001
잠실새내_003,잠실새내_001,0,잠실새내_003→잠실새내_001
종합운동장_001,종합운동장_003,1,종합운동장_001→종합운동장_003
종합운동장_001,종합운동장_004,1,종합운동장_001→종합운동장_004
종합운동장_001,종합운동장_005,0,종합운동장_001→종합운동장_005
종합운동장_002,종합운동장_006,0,종합운동장_002→종합운동장_006
종합운동장_002,종합운동장_007,0,종합운동장_002→종합운동장_007
종합운동장_003,종합운동장_001,0,종합운동장_003→종합운동장_001
종합운동장_003,종합운동장_006,0,종합운동장_003→종합운동장_006
종합운동장_003,종합운동장_007,0,종합운동장_003→종합운동장_007
종합운동장_004,종합운동장_001,0,종합운동장_004→종합운동장_001
종합운동장_005,종합운동장_001,0,종합운동장_005→종합운동장_001
종합운동장_006,종합운동장_002,1,종합운동장_006→종합운동장_002
종합운동장_006,종합운동장_003,0,종합운동장_006→종합운동장_003
종합운동장_007,종합운동장_002,0,종합운동장_007→종합운동장_002
종합운동장_007,종합운동장_003,0,종합운동장_007→종합운동장_003
충정로_001,충정로_006,0,충정로_001→충정로_006
충정로_001,충정로_007,0,충정로_001→충정로_007
충정로_002,충정로_004,0,충정로_002→충정로_004
충정로_002,충정로_006,1,충정로_002→충정로_006
충정로_002,충정로_007,0,충정로_002→충정로_007
충정로_003,충정로_008,0,충정로_003→충정로_008
충정로_003,충정로_009,0,충정로_003→충정로_009
충정로_004,충정로_002,1,충정로_004→충정로_002
충정로_004,충정로_008,0,충정로_004→충정로_008
충정로_004,충정로_009,1,충정로_004→충정로_009
충정로_005,충정로_008,0,충정로_005→충정로_008
충정로_005,충정로_009,0,충정로_005→충정로_009
충정로_006,충정로_001,1,충정로_006→충정로_001
충정로_006,충정로_002,0,충정로_006→충정로_002
충정로_007,충정로_001,0,충정로_007→충정로_001
충정로_007,충정로_002,1,충정로_007→충정로_002
충정로_008,충정로_003,0,충정로_008→충정로_003
충정로_008,충정로_004,0,충정로_008→충정로_004
충정로_008,충정로_005,0,충정로_008→충정로_005
충정로_009,충정로_003,0,충정로_009→충정로_003
충정로_009,충정로_004,0,충정로_009→충정로_004
충정로_009,충정로_005,0,충정로_009→충정로_005
한양대_001,한양대_002,0,한양대_001→한양대_002
한양대_001,한양대_003,0,한양대_001→한양대_003
한양대_002,한양대_001,1,한양대_002→한양대_001
한양대_003,한양대_001,0,한양대_003→한양대_001
합정_001,합정_004,0,합정_001→합정_004
합정_001,합정_005,0,합정_001→합정_005
합정_002,합정_003,1,합정_002→합정_003
합정_003,합정_002,1,합정_003→합정_002
합정_003,합정_004,1,합정_003→합정_004
합정_003,합정_005,1,합정_003→합정_005
합정_003,합정_006,0,합정_003→합정_006
합정_003,합정_007,1,합정_003→합정_007
합정_004,합정_001,1,합정_004→합정_001
합정_004,합정_003,1,합정_004→합정_003
합정_005,합정_001,1,합정_005→합정_001
합정_005,합정_003,1,합정_005→합정_003
합정_006,합정_003,1,합정_006→합정_003
합정_007,합정_003,1,합정_007→합정_003
홍대입구_001,홍대입구_002,1,홍대입구_001→홍대입구_002
홍대입구_001,홍대입구_003,0,홍대입구_001→홍대입구_003
홍대입구_001,홍대입구_004,1,홍대입구_001→홍대입구_004
홍대입구_001,홍대입구_005,0,홍대입구_001→홍대입구_005
홍대입구_002,홍대입구_001,0,홍대입구_002→홍대입구_001
홍대입구_002,홍대입구_003,0,홍대입구_002→홍대입구_003
홍대입구_002,홍대입구_006,0,홍대입구_002→홍대입구_006
홍대입구_002,홍대입구_007,0,홍대입구_002→홍대입구_007
홍대입구_003,홍대입구_001,0,홍대입구_003→홍대입구_001
홍대입구_003,홍대입구_002,0,홍대입구_003→홍대입구_002
홍대입구_003,홍대입구_008,0,홍대입구_003→홍대입구_008
홍대입구_003,홍대입구_009,1,홍대입구_003→홍대입구_009
홍대입구_004,홍대입구_001,0,홍대입구_004→홍대입구_001
홍대입구_005,홍대입구_001,0,홍대입구_005→홍대입구_001
홍대입구_006,홍대입구_002,1,홍대입구_006→홍대입구_002
홍대입구_007,홍대입구_002,0,홍대입구_007→홍대입구_002
홍대입구_008,홍대입구_003,0,홍대입구_008→홍대입구_003
홍대입구_009,홍대입구_003,1,홍대입구_009→홍대입구_003
시청_008,시청_001,0,시청_008→시청_001
시청_010,시청_001,1,시청_010→시청_001
시청_011,시청_001,0,시청_011→시청_001
시청_012,시청_001,0,시청_012→시청_001
시청_013,시청_001,0,시청_013→시청_001
시청_014,시청_001,0,시청_014→시청_001
시청_015,시청_001,1,시청_015→시청_001
시청_001,시청_008,0,시청_001→시청_008
시청_001,시청_010,1,시청_001→시청_010
시청_001,시청_011,0,시청_001→시청_011
시청_001,시청_012,1,시청_001→시청_012
시청_001,시청_013,0,시청_001→시청_013
시청_001,시청_014,0,시청_001→시청_014
시청_001,시청_015,1,시청_001→시청_015
시청_009,시청_002,1,시청_009→시청_002
시청_016,시청_002,0,시청_016→시청_002
시청_017,시청_002,1,시청_017→시청_002
시청_018,시청_002,1,시청_018→시청_002
시청_019,시청_002,0,시청_019→시청_002
시청_002,시청_009,0,시청_002→시청_009
시청_002,시청_016,1,시청_002→시청_016
시청_002,시청_017,1,시청_002→시청_017
시청_002,시청_018,0,시청_002→시청_018
시청_002,시청_019,0,시청_002→시청_019
을지로입구_004,을지로입구_001,0,을지로입구_004→을지로입구_001
을지로입구_005,을지로입구_001,1,을지로입구_005→을지로입구_001
을지로입구_006,을지로입구_001,0,을지로입구_006→을지로입구_001
을지로입구_007,을지로입구_001,0,을지로입구_007→을지로입구_001
을지로입구_008,을지로입구_001,0,을지로입구_008→을지로입구_001
을지로입구_009,을지로입구_001,0,을지로입구_009→을지로입구_001
을지로입구_010,을지로입구_001,1,을지로입구_010→을지로입구_001
을지로입구_011,을지로입구_001,1,을지로입구_011→을지로입구_001
을지로입구_001,을지로입구_004,0,을지로입구_001→을지로입구_004
을지로입구_001,을지로입구_005,0,을지로입구_001→을지로입구_005
을지로입구_001,을지로입구_006,0,을지로입구_001→을지로입구_006
을지로입구_001,을지로입구_007,0,을지로입구_001→을지로입구_007
을지로입구_001,을지로입구_008,0,을지로입구_001→을지로입구_008
을지로입구_001,을지로입구_009,0,을지로입구_001→을지로입구_009
을지로입구_001,을지로입구_010,0,을지로입구_001→을지로입구_010
을지로입구_001,을지로입구_011,1,을지로입구_001→을지로입구_011
을지로3가_008,을지로3가_001,1,을지로3가_008→을지로3가_001
을지로3가_010,을지로3가_001,0,을지로3가_010→을지로3가_001
을지로3가_011,을지로3가_001,1,을지로3가_011→을지로3가_001
을지로3가_012,을지로3가_001,0,을지로3가_012→을지로3가_001
을지로3가_001,을지로3가_008,0,을지로3가_001→을지로3가_008
을지로3가_001,을지로3가_010,1,을지로3가_001→을지로3가_010
을지로3가_001,을지로3가_011,0,을지로3가_001→을지로3가_011
을지로3가_001,을지로3가_012,0,을지로3가_001→을지로3가_012
을지로3가_009,을지로3가_002,0,을지로3가_009→을지로3가_002
을지로3가_013,을지로3가_002,1,을지로3가_013→을지로3가_002
을지로3가_014,을지로3가_002,0,을지로3가_014→을지로3가_002
을지로3가_015,을지로3가_002,0,을지로3가_015→을지로3가_002
을지로3가_016,을지로3가_002,0,을지로3가_016→을지로3가_002
을지로3가_017,을지로3가_002,0,을지로3가_017→을지로3가_002
을지로3가_018,을지로3가_002,1,을지로3가_018→을지로3가_002
을지로3가_019,을지로3가_002,0,을지로3가_019→을지로3가_002
을지로3가_002,을지로3가_009,1,을지로3가_002→을지로3가_009
을지로3가_002,을지로3가_013,0,을지로3가_002→을지로3가_013
을지로3가_002,을지로3가_014,1,을지로3가_002→을지로3가_014
을지로3가_002,을지로3가_015,0,을지로3가_002→을지로3가_015
을지로3가_002,을지로3가_016,0,을지로3가_002→을지로3가_016
을지로3가_002,을지로3가_017,0,을지로3가_002→을지로3가_017
을지로3가_002,을지로3가_018,0,을지로3가_002→을지로3가_018
을지로3가_002,을지로3가_019,0,을지로3가_002→을지로3가_019
을지로4가_010,을지로4가_002,0,을지로4가_010→을지로4가_002
을지로4가_012,을지로4가_002,0,을지로4가_012→을지로4가_002
을지로4가_013,을지로4가_002,0,을지로4가_013→을지로4가_002
을지로4가_014,을지로4가_002,0,을지로4가_014→을지로4가_002
을지로4가_015,을지로4가_002,0,을지로4가_015→을지로4가_002
을지로4가_016,을지로4가_002,0,을지로4가_016→을지로4가_002
을지로4가_002,을지로4가_010,1,을지로4가_002→을지로4가_010
을지로4가_002,을지로4가_012,0,을지로4가_002→을지로4가_012
을지로4가_002,을지로4가_013,0,을지로4가_002→을지로4가_013
을지로4가_002,을지로4가_014,0,을지로4가_002→을지로4가_014
을지로4가_002,을지로4가_015,1,을지로4가_002→을지로4가_015
을지로4가_002,을지로4가_016,0,을지로4가_002→을지로4가_016
을지로4가_011,을지로4가_001,1,을지로4가_011→을지로4가_001
을지로4가_017,을지로4가_001,1,을지로4가_017→을지로4가_001
을지로4가_018,을지로4가_001,0,을지로4가_018→을지로4가_001
을지로4가_019,을지로4가_001,0,을지로4가_019→을지로4가_001
을지로4가_001,을지로4가_011,0,을지로4가_001→을지로4가_011
을지로4가_001,을지로4가_017,0,을지로4가_001→을지로4가_017
을지로4가_001,을지로4가_018,0,을지로4가_001→을지로4가_018
을지로4가_001,을지로4가_019,0,을지로4가_001→을지로4가_019
동대문역사문화공원_013,동대문역사문화공원_001,1,동대문역사문화공원_013→동대문역사문화공원_001
동대문역사문화공원_016,동대문역사문화공원_001,1,동대문역사문화공원_016→동대문역사문화공원_001
동대문역사문화공원_017,동대문역사문화공원_001,0,동대문역사문화공원_017→동대문역사문화공원_001
동대문역사문화공원_018,동대문역사문화공원_001,0,동대문역사문화공원_018→동대문역사문화공원_001
동대문역사문화공원_019,동대문역사문화공원_001,1,동대문역사문화공원_019→동대문역사문화공원_001
동대문역사문화공원_020,동대문역사문화공원_001,0,동대문역사문화공원_020→동대문역사문화공원_001
동대문역사문화공원_021,동대문역사문화공원_001,0,동대문역사문화공원_021→동대문역사문화공원_001
동대문역사문화공원_001,동대문역사문화공원_013,0,동대문역사문화공원_001→동대문역사문화공원_013
동대문역사문화공원_001,동대문역사문화공원_016,0,동대문역사문화공원_001→동대문역사문화공원_016
동대문역사문화공원_001,동대문역사문화공원_017,0,동대문역사문화공원_001→동대문역사문화공원_017
동대문역사문화공원_001,동대문역사문화공원_018,0,동대문역사문화공원_001→동대문역사문화공원_018
동대문역사문화공원_001,동대문역사문화공원_019,0,동대문역사문화공원_001→동대문역사문화공원_019
동대문역사문화공원_001,동대문역사문화공원_020,0,동대문역사문화공원_001→동대문역사문화공원_020
동대문역사문화공원_001,동대문역사문화공원_021,0,동대문역사문화공원_001→동대문역사문화공원_021
동대문역사문화공원_014,동대문역사문화공원_002,0,동대문역사문화공원_014→동대문역사문화공원_002
동대문역사문화공원_022,동대문역사문화공원_002,0,동대문역사문화공원_022→동대문역사문화공원_002
동대문역사문화공원_023,동대문역사문화공원_002,1,동대문역사문화공원_023→동대문역사문화공원_002
동대문역사문화공원_024,동대문역사문화공원_002,0,동대문역사문화공원_024→동대문역사문화공원_002
동대문역사문화공원_025,동대문역사문화공원_002,0,동대문역사문화공원_025→동대문역사문화공원_002
동대문역사문화공원_002,동대문역사문화공원_014,0,동대문역사문화공원_002→동대문역사문화공원_014
동대문역사문화공원_002,동대문역사문화공원_022,0,동대문역사문화공원_002→동대문역사문화공원_022
동대문역사문화공원_002,동대문역사문화공원_023,0,동대문역사문화공원_002→동대문역사문화공원_023
동대문역사문화공원_002,동대문역사문화공원_024,1,동대문역사문화공원_002→동대문역사문화공원_024
동대문역사문화공원_002,동대문역사문화공원_025,0,동대문역사문화공원_002→동대문역사문화공원_025
동대문역사문화공원_015,동대문역사문화공원_004,0,동대문역사문화공원_015→동대문역사문화공원_004
동대문역사문화공원_026,동대문역사문화공원_004,0,동대문역사문화공원_026→동대문역사문화공원_004
동대문역사문화공원_004,동대문역사문화공원_015,0,동대문역사문화공원_004→동대문역사문화공원_015
동대문역사문화공원_004,동대문역사문화공원_026,0,동대문역사문화공원_004→동대문역사문화공원_026
신당_008,신당_001,1,신당_008→신당_001
신당_010,신당_001,0,신당_010→신당_001
신당_011,신당_001,0,신당_011→신당_001
신당_012,신당_001,0,신당_012→신당_001
신당_001,신당_008,0,신당_001→신당_008
신당_001,신당_010,1,신당_001→신당_010
신당_001,신당_011,0,신당_001→신당_011
신당_001,신당_012,1,신당_001→신당_012
신당_009,신당_002,1,신당_009→신당_002
신당_013,신당_002,1,신당_013→신당_002
신당_014,신당_002,0,신당_014→신당_002
신당_015,신당_002,0,신당_015→신당_002
신당_016,신당_002,0,신당_016→신당_002
신당_017,신당_002,0,신당_017→신당_002
신당_018,신당_002,1,신당_018→신당_002
신당_019,신당_002,0,신당_019→신당_002
신당_002,신당_009,0,신당_002→신당_009
신당_002,신당_013,0,신당_002→신당_013
신당_002,신당_014,0,신당_002→신당_014
신당_002,신당_015,0,신당_002→신당_015
신당_002,신당_016,0,신당_002→신당_016
신당_002,신당_017,0,신당_002→신당_017
신당_002,신당_018,1,신당_002→신당_018
신당_002,신당_019,0,신당_002→신당_019
상왕십리_004,상왕십리_001,0,상왕십리_004→상왕십리_001
상왕십리_005,상왕십리_001,0,상왕십리_005→상왕십리_001
상왕십리_006,상왕십리_001,0,상왕십리_006→상왕십리_001
상왕십리_007,상왕십리_001,1,상왕십리_007→상왕십리_001
상왕십리_008,상왕십리_001,1,상왕십리_008→상왕십리_001
상왕십리_009,상왕십리_001,0,상왕십리_009→상왕십리_001
상왕십리_001,상왕십리_004,0,상왕십리_001→상왕십리_004
상왕십리_001,상왕십리_005,0,상왕십리_001→상왕십리_005
상왕십리_001,상왕십리_006,1,상왕십리_001→상왕십리_006
상왕십리_001,상왕십리_007,1,상왕십리_001→상왕십리_007
상왕십리_001,상왕십리_008,0,상왕십리_001→상왕십리_008
상왕십리_001,상왕십리_009,1,상왕십리_001→상왕십리_009
왕십리_016,왕십리_001,0,왕십리_016→왕십리_001
왕십리_018,왕십리_001,1,왕십리_018→왕십리_001
왕십리_019,왕십리_001,1,왕십리_019→왕십리_001
왕십리_020,왕십리_001,0,왕십리_020→왕십리_001
왕십리_021,왕십리_001,1,왕십리_021→왕십리_001
왕십리_022,왕십리_001,0,왕십리_022→왕십리_001
왕십리_023,왕십리_001,0,왕십리_023→왕십리_001
왕십리_024,왕십리_001,0,왕십리_024→왕십리_001
왕십리_025,왕십리_001,0,왕십리_025→왕십리_001
왕십리_026,왕십리_001,1,왕십리_026→왕십리_001
왕십리_027,왕십리_001,0,왕십리_027→왕십리_001
왕십리_001,왕십리_016,0,왕십리_001→왕십리_016
왕십리_001,왕십리_018,1,왕십리_001→왕십리_018
왕십리_001,왕십리_019,1,왕십리_001→왕십리_019
왕십리_001,왕십리_020,0,왕십리_001→왕십리_020
왕십리_001,왕십리_021,0,왕십리_001→왕십리_021
왕십리_001,왕십리_022,0,왕십리_001→왕십리_022
왕십리_001,왕십리_023,0,왕십리_001→왕십리_023
왕십리_001,왕십리_024,0,왕십리_001→왕십리_024
왕십리_001,왕십리_025,1,왕십리_001→왕십리_025
왕십리_001,왕십리_026,0,왕십리_001→왕십리_026
왕십리_001,왕십리_027,1,왕십리_001→왕십리_027
왕십리_017,왕십리_004,1,왕십리_017→왕십리_004
왕십리_028,왕십리_004,1,왕십리_028→왕십리_004
왕십리_004,왕십리_017,0,왕십리_004→왕십리_017
왕십리_004,왕십리_028,0,왕십리_004→왕십리_028
한양대_004,한양대_001,0,한양대_004→한양대_001
한양대_006,한양대_001,0,한양대_006→한양대_001
한양대_007,한양대_001,0,한양대_007→한양대_001
한양대_001,한양대_004,0,한양대_001→한양대_004
한양대_001,한양대_006,0,한양대_001→한양대_006
한양대_001,한양대_007,0,한양대_001→한양대_007
한양대_005,한양대_001,0,한양대_005→한양대_001
한양대_001,한양대_005,1,한양대_001→한양대_005
뚝섬_004,뚝섬_001,0,뚝섬_004→뚝섬_001
뚝섬_005,뚝섬_001,1,뚝섬_005→뚝섬_001
뚝섬_006,뚝섬_001,0,뚝섬_006→뚝섬_001
뚝섬_007,뚝섬_001,1,뚝섬_007→뚝섬_001
뚝섬_008,뚝섬_001,0,뚝섬_008→뚝섬_001
뚝섬_009,뚝섬_001,1,뚝섬_009→뚝섬_001
뚝섬_010,뚝섬_001,0,뚝섬_010→뚝섬_001
뚝섬_011,뚝섬_001,0,뚝섬_011→뚝섬_001
뚝섬_001,뚝섬_004,0,뚝섬_001→뚝섬_004
뚝섬_001,뚝섬_005,0,뚝섬_001→뚝섬_005
뚝섬_001,뚝섬_006,0,뚝섬_001→뚝섬_006
뚝섬_001,뚝섬_007,0,뚝섬_001→뚝섬_007
뚝섬_001,뚝섬_008,0,뚝섬_001→뚝섬_008
뚝섬_001,뚝섬_009,1,뚝섬_001→뚝섬_009
뚝섬_001,뚝섬_010,0,뚝섬_001→뚝섬_010
뚝섬_001,뚝섬_011,0,뚝섬_001→뚝섬_011
성수_005,성수_001,0,성수_005→성수_001
성수_006,성수_001,1,성수_006→성수_001
성수_007,성수_001,0,성수_007→성수_001
성수_008,성수_001,0,성수_008→성수_001
성수_001,성수_005,0,성수_001→성수_005
성수_001,성수_006,0,성수_001→성수_006
성수_001,성수_007,1,성수_001→성수_007
성수_001,성수_008,0,성수_001→성수_008
건대입구_007,건대입구_001,0,건대입구_007→건대입구_001
건대입구_009,건대입구_001,0,건대입구_009→건대입구_001
건대입구_010,건대입구_001,0,건대입구_010→건대입구_001
건대입구_011,건대입구_001,1,건대입구_011→건대입구_001
건대입구_001,건대입구_007,0,건대입구_001→건대입구_007
건대입구_001,건대입구_009,0,건대입구_001→건대입구_009
건대입구_001,건대입구_010,0,건대입구_001→건대입구_010
건대입구_001,건대입구_011,1,건대입구_001→건대입구_011
건대입구_008,건대입구_002,1,건대입구_008→건대입구_002
건대입구_012,건대입구_002,0,건대입구_012→건대입구_002
건대입구_002,건대입구_008,1,건대입구_002→건대입구_008
건대입구_002,건대입구_012,0,건대입구_002→건대입구_012
구의_004,구의_001,0,구의_004→구의_001
구의_005,구의_001,0,구의_005→구의_001
구의_006,구의_001,1,구의_006→구의_001
구의_007,구의_001,1,구의_007→구의_001
구의_001,구의_004,0,구의_001→구의_004
구의_001,구의_005,0,구의_001→구의_005
구의_001,구의_006,0,구의_001→구의_006
구의_001,구의_007,0,구의_001→구의_007
강변_004,강변_001,0,강변_004→강변_001
강변_005,강변_001,1,강변_005→강변_001
강변_006,강변_001,1,강변_006→강변_001
강변_007,강변_001,0,강변_007→강변_001
강변_001,강변_004,0,강변_001→강변_004
강변_001,강변_005,0,강변_001→강변_005
강변_001,강변_006,0,강변_001→강변_006
강변_001,강변_007,0,강변_001→강변_007
잠실나루_004,잠실나루_001,0,잠실나루_004→잠실나루_001
잠실나루_005,잠실나루_001,0,잠실나루_005→잠실나루_001
잠실나루_006,잠실나루_001,0,잠실나루_006→잠실나루_001
잠실나루_007,잠실나루_001,0,잠실나루_007→잠실나루_001
잠실나루_001,잠실나루_004,0,잠실나루_001→잠실나루_004
잠실나루_001,잠실나루_005,0,잠실나루_001→잠실나루_005
잠실나루_001,잠실나루_006,0,잠실나루_001→잠실나루_006
잠실나루_001,잠실나루_007,0,잠실나루_001→잠실나루_007
잠실_007,잠실_001,0,잠실_007→잠실_001
잠실_009,잠실_001,0,잠실_009→잠실_001
잠실_010,잠실_001,0,잠실_010→잠실_001
잠실_011,잠실_001,1,잠실_011→잠실_001
잠실_012,잠실_001,0,잠실_012→잠실_001
잠실_013,잠실_001,1,잠실_013→잠실_001
잠실_014,잠실_001,1,잠실_014→잠실_001
잠실_015,잠실_001,0,잠실_015→잠실_001
잠실_001,잠실_007,0,잠실_001→잠실_007
잠실_001,잠실_009,1,잠실_001→잠실_009
잠실_001,잠실_010,0,잠실_001→잠실_010
잠실_001,잠실_011,0,잠실_001→잠실_011
잠실_001,잠실_012,0,잠실_001→잠실_012
잠실_001,잠실_013,0,잠실_001→잠실_013
잠실_001,잠실_014,1,잠실_001→잠실_014
잠실_001,잠실_015,0,잠실_001→잠실_015
잠실_008,잠실_002,0,잠실_008→잠실_002
잠실_016,잠실_002,0,잠실_016→잠실_002
잠실_017,잠실_002,0,잠실_017→잠실_002
잠실_002,잠실_008,0,잠실_002→잠실_008
잠실_002,잠실_016,0,잠실_002→잠실_016
잠실_002,잠실_017,0,잠실_002→잠실_017
잠실새내_004,잠실새내_001,0,잠실새내_004→잠실새내_001
잠실새내_005,잠실새내_001,1,잠실새내_005→잠실새내_001
잠실새내_006,잠실새내_001,0,잠실새내_006→잠실새내_001
잠실새내_007,잠실새내_001,0,잠실새내_007→잠실새내_001
잠실새내_008,잠실새내_001,0,잠실새내_008→잠실새내_001
잠실새내_009,잠실새내_001,0,잠실새내_009→잠실새내_001
잠실새내_010,잠실새내_001,0,잠실새내_010→잠실새내_001
잠실새내_011,잠실새내_001,1,잠실새내_011→잠실새내_001
잠실새내_001,잠실새내_004,0,잠실새내_001→잠실새내_004
잠실새내_001,잠실새내_005,0,잠실새내_001→잠실새내_005
잠실새내_001,잠실새내_006,0,잠실새내_001→잠실새내_006
잠실새내_001,잠실새내_007,0,잠실새내_001→잠실새내_007
잠실새내_001,잠실새내_008,0,잠실새내_001→잠실새내_008
잠실새내_001,잠실새내_009,0,잠실새내_001→잠실새내_009
잠실새내_001,잠실새내_010,0,잠실새내_001→잠실새내_010
잠실새내_001,잠실새내_011,0,잠실새내_001→잠실새내_011
종합운동장_008,종합운동장_001,1,종합운동장_008→종합운동장_001
종합운동장_010,종합운동장_001,0,종합운동장_010→종합운동장_001
종합운동장_011,종합운동장_001,0,종합운동장_011→종합운동장_001
종합운동장_012,종합운동장_001,0,종합운동장_012→종합운동장_001
종합운동장_013,종합운동장_001,0,종합운동장_013→종합운동장_001
종합운동장_014,종합운동장_001,0,종합운동장_014→종합운동장_001
종합운동장_015,종합운동장_001,0,종합운동장_015→종합운동장_001
종합운동장_016,종합운동장_001,1,종합운동장_016→종합운동장_001
종합운동장_001,종합운동장_008,1,종합운동장_001→종합운동장_008
종합운동장_001,종합운동장_010,0,종합운동장_001→종합운동장_010
종합운동장_001,종합운동장_011,1,종합운동장_001→종합운동장_011
종합운동장_001,종합운동장_012,0,종합운동장_001→종합운동장_012
종합운동장_001,종합운동장_013,0,종합운동장_001→종합운동장_013
종합운동장_001,종합운동장_014,0,종합운동장_001→종합운동장_014
종합운동장_001,종합운동장_015,1,종합운동장_001→종합운동장_015
종합운동장_001,종합운동장_016,1,종합운동장_001→종합운동장_016
종합운동장_009,종합운동장_002,0,종합운동장_009→종합운동장_002
종합운동장_002,종합운동장_009,1,종합운동장_002→종합운동장_009
삼성_004,삼성_001,0,삼성_004→삼성_001
삼성_005,삼성_001,0,삼성_005→삼성_001
삼성_006,삼성_001,1,삼성_006→삼성_001
삼성_007,삼성_001,1,삼성_007→삼성_001
삼성_008,삼성_001,0,삼성_008→삼성_001
삼성_009,삼성_001,0,삼성_009→삼성_001
삼성_001,삼성_004,1,삼성_001→삼성_004
삼성_001,삼성_005,1,삼성_001→삼성_005
삼성_001,삼성_006,1,삼성_001→삼성_006
삼성_001,삼성_007,0,삼성_001→삼성_007
삼성_001,삼성_008,1,삼성_001→삼성_008
삼성_001,삼성_009,0,삼성_001→삼성_009
선릉_008,선릉_001,0,선릉_008→선릉_001
선릉_010,선릉_001,0,선릉_010→선릉_001
선릉_011,선릉_001,0,선릉_011→선릉_001
선릉_012,선릉_001,1,선릉_012→선릉_001
선릉_013,선릉_001,0,선릉_013→선릉_001
선릉_014,선릉_001,0,선릉_014→선릉_001
선릉_015,선릉_001,0,선릉_015→선릉_001
선릉_016,선릉_001,0,선릉_016→선릉_001
선릉_017,선릉_001,1,선릉_017→선릉_001
선릉_018,선릉_001,1,선릉_018→선릉_001
선릉_001,선릉_008,1,선릉_001→선릉_008
선릉_001,선릉_010,0,선릉_001→선릉_010
선릉_001,선릉_011,0,선릉_001→선릉_011
선릉_001,선릉_012,0,선릉_001→선릉_012
선릉_001,선릉_013,0,선릉_001→선릉_013
선릉_001,선릉_014,0,선릉_001→선릉_014
선릉_001,선릉_015,0,선릉_001→선릉_015
선릉_001,선릉_016,0,선릉_001→선릉_016
선릉_001,선릉_017,0,선릉_001→선릉_017
선릉_001,선릉_018,0,선릉_001→선릉_018
역삼_005,역삼_001,0,역삼_005→역삼_001
역삼_007,역삼_001,0,역삼_007→역삼_001
역삼_008,역삼_001,1,역삼_008→역삼_001
역삼_009,역삼_001,0,역삼_009→역삼_001
역삼_010,역삼_001,0,역삼_010→역삼_001
역삼_011,역삼_001,0,역삼_011→역삼_001
역삼_001,역삼_005,0,역삼_001→역삼_005
역삼_001,역삼_007,0,역삼_001→역삼_007
역삼_001,역삼_008,1,역삼_001→역삼_008
역삼_001,역삼_009,0,역삼_001→역삼_009
역삼_001,역삼_010,1,역삼_001→역삼_010
역삼_001,역삼_011,1,역삼_001→역삼_011
역삼_006,역삼_002,0,역삼_006→역삼_002
역삼_012,역삼_002,1,역삼_012→역삼_002
역삼_002,역삼_006,0,역삼_002→역삼_006
역삼_002,역삼_012,1,역삼_002→역삼_012
강남_008,강남_001,0,강남_008→강남_001
강남_010,강남_001,0,강남_010→강남_001
강남_011,강남_001,1,강남_011→강남_001
강남_012,강남_001,1,강남_012→강남_001
강남_013,강남_001,0,강남_013→강남_001
강남_014,강남_001,1,강남_014→강남_001
강남_015,강남_001,0,강남_015→강남_001
강남_016,강남_001,0,강남_016→강남_001
강남_001,강남_008,0,강남_001→강남_008
강남_001,강남_010,0,강남_001→강남_010
강남_001,강남_011,1,강남_001→강남_011
강남_001,강남_012,1,강남_001→강남_012
강남_001,강남_013,0,강남_001→강남_013
강남_001,강남_014,0,강남_001→강남_014
강남_001,강남_015,1,강남_001→강남_015
강남_001,강남_016,1,강남_001→강남_016
강남_009,강남_002,1,강남_009→강남_002
강남_017,강남_002,1,강남_017→강남_002
강남_018,강남_002,1,강남_018→강남_002
강남_019,강남_002,0,강남_019→강남_002
강남_002,강남_009,0,강남_002→강남_009
강남_002,강남_017,0,강남_002→강남_017
강남_002,강남_018,0,강남_002→강남_018
강남_002,강남_019,0,강남_002→강남_019
교대_008,교대_001,0,교대_008→교대_001
교대_010,교대_001,0,교대_010→교대_001
교대_011,교대_001,0,교대_011→교대_001
교대_012,교대_001,0,교대_012→교대_001
교대_013,교대_001,1,교대_013→교대_001
교대_014,교대_001,0,교대_014→교대_001
교대_015,교대_001,0,교대_015→교대_001
교대_016,교대_001,0,교대_016→교대_001
교대_017,교대_001,0,교대_017→교대_001
교대_018,교대_001,0,교대_018→교대_001
교대_019,교대_001,1,교대_019→교대_001
교대_001,교대_008,0,교대_001→교대_008
교대_001,교대_010,0,교대_001→교대_010
교대_001,교대_011,1,교대_001→교대_011
교대_001,교대_012,0,교대_001→교대_012
교대_001,교대_013,0,교대_001→교대_013
교대_001,교대_014,0,교대_001→교대_014
교대_001,교대_015,0,교대_001→교대_015
교대_001,교대_016,0,교대_001→교대_016
교대_001,교대_017,0,교대_001→교대_017
교대_001,교대_018,1,교대_001→교대_018
교대_001,교대_019,1,교대_001→교대_019
교대_009,교대_002,0,교대_009→교대_002
교대_020,교대_002,0,교대_020→교대_002
교대_021,교대_002,1,교대_021→교대_002
교대_002,교대_009,0,교대_002→교대_009
교대_002,교대_020,0,교대_002→교대_020
교대_002,교대_021,1,교대_002→교대_021
서초_004,서초_001,0,서초_004→서초_001
서초_005,서초_001,0,서초_005→서초_001
서초_006,서초_001,1,서초_006→서초_001
서초_007,서초_001,0,서초_007→서초_001
서초_008,서초_001,0,서초_008→서초_001
서초_009,서초_001,1,서초_009→서초_001
서초_010,서초_001,1,서초_010→서초_001
서초_011,서초_001,0,서초_011→서초_001
서초_001,서초_004,0,서초_001→서초_004
서초_001,서초_005,1,서초_001→서초_005
서초_001,서초_006,0,서초_001→서초_006
서초_001,서초_007,0,서초_001→서초_007
서초_001,서초_008,0,서초_001→서초_008
서초_001,서초_009,0,서초_001→서초_009
서초_001,서초_010,0,서초_001→서초_010
서초_001,서초_011,0,서초_001→서초_011
방배_004,방배_001,0,방배_004→방배_001
방배_005,방배_001,1,방배_005→방배_001
방배_006,방배_001,0,방배_006→방배_001
방배_007,방배_001,0,방배_007→방배_001
방배_001,방배_004,1,방배_001→방배_004
방배_001,방배_005,1,방배_001→방배_005
방배_001,방배_006,1,방배_001→방배_006
방배_001,방배_007,1,방배_001→방배_007
사당_008,사당_001,1,사당_008→사당_001
사당_010,사당_001,0,사당_010→사당_001
사당_011,사당_001,0,사당_011→사당_001
사당_012,사당_001,0,사당_012→사당_001
사당_013,사당_001,0,사당_013→사당_001
사당_014,사당_001,0,사당_014→사당_001
사당_015,사당_001,0,사당_015→사당_001
사당_016,사당_001,0,사당_016→사당_001
사당_001,사당_008,1,사당_001→사당_008
사당_001,사당_010,0,사당_001→사당_010
사당_001,사당_011,0,사당_001→사당_011
사당_001,사당_012,0,사당_001→사당_012
사당_001,사당_013,1,사당_001→사당_013
사당_001,사당_014,1,사당_001→사당_014
사당_001,사당_015,1,사당_001→사당_015
사당_001,사당_016,0,사당_001→사당_016
사당_009,사당_002,0,사당_009→사당_002
사당_017,사당_002,0,사당_017→사당_002
사당_018,사당_002,1,사당_018→사당_002
사당_019,사당_002,1,사당_019→사당_002
사당_020,사당_002,0,사당_020→사당_002
사당_021,사당_002,0,사당_021→사당_002
사당_002,사당_009,0,사당_002→사당_009
사당_002,사당_017,0,사당_002→사당_017
사당_002,사당_018,1,사당_002→사당_018
사당_002,사당_019,1,사당_002→사당_019
사당_002,사당_020,0,사당_002→사당_020
사당_002,사당_021,0,사당_002→사당_021
낙성대_004,낙성대_001,0,낙성대_004→낙성대_001
낙성대_005,낙성대_001,0,낙성대_005→낙성대_001
낙성대_006,낙성대_001,0,낙성대_006→낙성대_001
낙성대_007,낙성대_001,1,낙성대_007→낙성대_001
낙성대_008,낙성대_001,1,낙성대_008→낙성대_001
낙성대_009,낙성대_001,1,낙성대_009→낙성대_001
낙성대_010,낙성대_001,0,낙성대_010→낙성대_001
낙성대_011,낙성대_001,0,낙성대_011→낙성대_001
낙성대_001,낙성대_004,0,낙성대_001→낙성대_004
낙성대_001,낙성대_005,0,낙성대_001→낙성대_005
낙성대_001,낙성대_006,1,낙성대_001→낙성대_006
낙성대_001,낙성대_007,1,낙성대_001→낙성대_007
낙성대_001,낙성대_008,0,낙성대_001→낙성대_008
낙성대_001,낙성대_009,0,낙성대_001→낙성대_009
낙성대_001,낙성대_010,0,낙성대_001→낙성대_010
낙성대_001,낙성대_011,0,낙성대_001→낙성대_011
서울대입구_004,서울대입구_001,0,서울대입구_004→서울대입구_001
서울대입구_005,서울대입구_001,0,서울대입구_005→서울대입구_001
서울대입구_006,서울대입구_001,1,서울대입구_006→서울대입구_001
서울대입구_007,서울대입구_001,0,서울대입구_007→서울대입구_001
서울대입구_008,서울대입구_001,1,서울대입구_008→서울대입구_001
서울대입구_009,서울대입구_001,0,서울대입구_009→서울대입구_001
서울대입구_010,서울대입구_001,0,서울대입구_010→서울대입구_001
서울대입구_011,서울대입구_001,1,서울대입구_011→서울대입구_001
서울대입구_001,서울대입구_004,0,서울대입구_001→서울대입구_004
서울대입구_001,서울대입구_005,1,서울대입구_001→서울대입구_005
서울대입구_001,서울대입구_006,0,서울대입구_001→서울대입구_006
서울대입구_001,서울대입구_007,1,서울대입구_001→서울대입구_007
서울대입구_001,서울대입구_008,0,서울대입구_001→서울대입구_008
서울대입구_001,서울대입구_009,0,서울대입구_001→서울대입구_009
서울대입구_001,서울대입구_010,1,서울대입구_001→서울대입구_010
서울대입구_001,서울대입구_011,0,서울대입구_001→서울대입구_011
봉천_004,봉천_001,0,봉천_004→봉천_001
봉천_005,봉천_001,1,봉천_005→봉천_001
봉천_006,봉천_001,0,봉천_006→봉천_001
봉천_007,봉천_001,0,봉천_007→봉천_001
봉천_008,봉천_001,1,봉천_008→봉천_001
봉천_009,봉천_001,0,봉천_009→봉천_001
봉천_001,봉천_004,0,봉천_001→봉천_004
봉천_001,봉천_005,1,봉천_001→봉천_005
봉천_001,봉천_006,0,봉천_001→봉천_006
봉천_001,봉천_007,0,봉천_001→봉천_007
봉천_001,봉천_008,0,봉천_001→봉천_008
봉천_001,봉천_009,1,봉천_001→봉천_009
신림_007,신림_001,0,신림_007→신림_001
신림_007,신림_002,0,신림_007→신림_002
신림_008,신림_001,1,신림_008→신림_001
신림_008,신림_002,0,신림_008→신림_002
신림_009,신림_001,0,신림_009→신림_001
신림_009,신림_002,1,신림_009→신림_002
신림_010,신림_001,0,신림_010→신림_001
신림_010,신림_002,1,신림_010→신림_002
신림_011,신림_001,1,신림_011→신림_001
신림_011,신림_002,0,신림_011→신림_002
신림_012,신림_001,0,신림_012→신림_001
신림_012,신림_002,0,신림_012→신림_002
신림_013,신림_001,0,신림_013→신림_001
신림_013,신림_002,0,신림_013→신림_002
신림_014,신림_001,0,신림_014→신림_001
신림_014,신림_002,0,신림_014→신림_002
신림_001,신림_007,0,신림_001→신림_007
신림_002,신림_007,0,신림_002→신림_007
신림_001,신림_008,0,신림_001→신림_008
신림_002,신림_008,1,신림_002→신림_008
신림_001,신림_009,0,신림_001→신림_009
신림_002,신림_009,0,신림_002→신림_009
신림_001,신림_010,0,신림_001→신림_010
신림_002,신림_010,0,신림_002→신림_010
신림_001,신림_011,0,신림_001→신림_011
신림_002,신림_011,0,신림_002→신림_011
신림_001,신림_012,1,신림_001→신림_012
신림_002,신림_012,0,신림_002→신림_012
신림_001,신림_013,1,신림_001→신림_013
신림_002,신림_013,0,신림_002→신림_013
신림_001,신림_014,0,신림_001→신림_014
신림_002,신림_014,1,신림_002→신림_014
신대방_004,신대방_001,0,신대방_004→신대방_001
신대방_005,신대방_001,1,신대방_005→신대방_001
신대방_006,신대방_001,0,신대방_006→신대방_001
신대방_007,신대방_001,0,신대방_007→신대방_001
신대방_001,신대방_004,0,신대방_001→신대방_004
신대방_001,신대방_005,0,신대방_001→신대방_005
신대방_001,신대방_006,1,신대방_001→신대방_006
신대방_001,신대방_007,1,신대방_001→신대방_007
구로디지털단지_004,구로디지털단지_001,1,구로디지털단지_004→구로디지털단지_001
구로디지털단지_005,구로디지털단지_001,1,구로디지털단지_005→구로디지털단지_001
구로디지털단지_006,구로디지털단지_001,0,구로디지털단지_006→구로디지털단지_001
구로디지털단지_007,구로디지털단지_001,0,구로디지털단지_007→구로디지털단지_001
구로디지털단지_008,구로디지털단지_001,0,구로디지털단지_008→구로디지털단지_001
구로디지털단지_009,구로디지털단지_001,0,구로디지털단지_009→구로디지털단지_001
구로디지털단지_001,구로디지털단지_004,1,구로디지털단지_001→구로디지털단지_004
구로디지털단지_001,구로디지털단지_005,0,구로디지털단지_001→구로디지털단지_005
구로디지털단지_001,구로디지털단지_006,1,구로디지털단지_001→구로디지털단지_006
구로디지털단지_001,구로디지털단지_007,0,구로디지털단지_001→구로디지털단지_007
구로디지털단지_001,구로디지털단지_008,0,구로디지털단지_001→구로디지털단지_008
구로디지털단지_001,구로디지털단지_009,0,구로디지털단지_001→구로디지털단지_009
대림_007,대림_001,0,대림_007→대림_001
대림_009,대림_001,1,대림_009→대림_001
대림_010,대림_001,1,대림_010→대림_001
대림_011,대림_001,1,대림_011→대림_001
대림_012,대림_001,1,대림_012→대림_001
대림_013,대림_001,0,대림_013→대림_001
대림_014,대림_001,0,대림_014→대림_001
대림_015,대림_001,0,대림_015→대림_001
대림_001,대림_007,0,대림_001→대림_007
대림_001,대림_009,0,대림_001→대림_009
대림_001,대림_010,0,대림_001→대림_010
대림_001,대림_011,0,대림_001→대림_011
대림_001,대림_012,1,대림_001→대림_012
대림_001,대림_013,1,대림_001→대림_013
대림_001,대림_014,0,대림_001→대림_014
대림_001,대림_015,0,대림_001→대림_015
대림_008,대림_002,0,대림_008→대림_002
대림_016,대림_002,1,대림_016→대림_002
대림_017,대림_002,0,대림_017→대림_002
대림_018,대림_002,0,대림_018→대림_002
대림_002,대림_008,0,대림_002→대림_008
대림_002,대림_016,0,대림_002→대림_016
대림_002,대림_017,0,대림_002→대림_017
대림_002,대림_018,0,대림_002→대림_018
문래_004,문래_001,0,문래_004→문래_001
문래_005,문래_001,0,문래_005→문래_001
문래_006,문래_001,0,문래_006→문래_001
문래_007,문래_001,0,문래_007→문래_001
문래_008,문래_001,0,문래_008→문래_001
문래_009,문래_001,1,문래_009→문래_001
문래_010,문래_001,0,문래_010→문래_001
문래_001,문래_004,1,문래_001→문래_004
문래_001,문래_005,0,문래_001→문래_005
문래_001,문래_006,1,문래_001→문래_006
문래_001,문래_007,0,문래_001→문래_007
문래_001,문래_008,0,문래_001→문래_008
문래_001,문래_009,0,문래_001→문래_009
문래_001,문래_010,0,문래_001→문래_010
영등포구청_010,영등포구청_001,0,영등포구청_010→영등포구청_001
영등포구청_012,영등포구청_001,0,영등포구청_012→영등포구청_001
영등포구청_013,영등포구청_001,0,영등포구청_013→영등포구청_001
영등포구청_014,영등포구청_001,0,영등포구청_014→영등포구청_001
영등포구청_015,영등포구청_001,1,영등포구청_015→영등포구청_001
영등포구청_001,영등포구청_010,0,영등포구청_001→영등포구청_010
영등포구청_001,영등포구청_012,0,영등포구청_001→영등포구청_012
영등포구청_001,영등포구청_013,0,영등포구청_001→영등포구청_013
영등포구청_001,영등포구청_014,1,영등포구청_001→영등포구청_014
영등포구청_001,영등포구청_015,0,영등포구청_001→영등포구청_015
영등포구청_011,영등포구청_002,0,영등포구청_011→영등포구청_002
영등포구청_016,영등포구청_002,0,영등포구청_016→영등포구청_002
영등포구청_002,영등포구청_011,1,영등포구청_002→영등포구청_011
영등포구청_002,영등포구청_016,1,영등포구청_002→영등포구청_016
당산_008,당산_001,0,당산_008→당산_001
당산_011,당산_001,0,당산_011→당산_001
당산_012,당산_001,1,당산_012→당산_001
당산_013,당산_001,0,당산_013→당산_001
당산_014,당산_001,1,당산_014→당산_001
당산_015,당산_001,0,당산_015→당산_001
당산_001,당산_008,1,당산_001→당산_008
당산_001,당산_011,0,당산_001→당산_011
당산_001,당산_012,0,당산_001→당산_012
당산_001,당산_013,0,당산_001→당산_013
당산_001,당산_014,0,당산_001→당산_014
당산_001,당산_015,0,당산_001→당산_015
당산_009,당산_002,1,당산_009→당산_002
당산_016,당산_002,1,당산_016→당산_002
당산_017,당산_002,0,당산_017→당산_002
당산_018,당산_002,0,당산_018→당산_002
당산_019,당산_002,0,당산_019→당산_002
당산_002,당산_009,0,당산_002→당산_009
당산_002,당산_016,0,당산_002→당산_016
당산_002,당산_017,0,당산_002→당산_017
당산_002,당산_018,1,당산_002→당산_018
당산_002,당산_019,0,당산_002→당산_019
당산_010,당산_003,0,당산_010→당산_003
당산_020,당산_003,0,당산_020→당산_003
당산_003,당산_010,0,당산_003→당산_010
당산_003,당산_020,0,당산_003→당산_020
합정_008,합정_001,0,합정_008→합정_001
합정_010,합정_001,1,합정_010→합정_001
합정_011,합정_001,0,합정_011→합정_001
합정_012,합정_001,0,합정_012→합정_001
합정_013,합정_001,0,합정_013→합정_001
합정_014,합정_001,0,합정_014→합정_001
합정_015,합정_001,0,합정_015→합정_001
합정_016,합정_001,0,합정_016→합정_001
합정_017,합정_001,0,합정_017→합정_001
합정_001,합정_008,0,합정_001→합정_008
합정_001,합정_010,1,합정_001→합정_010
합정_001,합정_011,0,합정_001→합정_011
합정_001,합정_012,0,합정_001→합정_012
합정_001,합정_013,1,합정_001→합정_013
합정_001,합정_014,0,합정_001→합정_014
합정_001,합정_015,0,합정_001→합정_015
합정_001,합정_016,0,합정_001→합정_016
합정_001,합정_017,0,합정_001→합정_017
합정_009,합정_002,1,합정_009→합정_002
합정_002,합정_009,1,합정_002→합정_009
홍대입구_010,홍대입구_001,1,홍대입구_010→홍대입구_001
홍대입구_013,홍대입구_001,0,홍대입구_013→홍대입구_001
홍대입구_014,홍대입구_001,0,홍대입구_014→홍대입구_001
홍대입구_015,홍대입구_001,1,홍대입구_015→홍대입구_001
홍대입구_016,홍대입구_001,1,홍대입구_016→홍대입구_001
홍대입구_017,홍대입구_001,0,홍대입구_017→홍대입구_001
홍대입구_001,홍대입구_010,0,홍대입구_001→홍대입구_010
홍대입구_001,홍대입구_013,1,홍대입구_001→홍대입구_013
홍대입구_001,홍대입구_014,0,홍대입구_001→홍대입구_014
홍대입구_001,홍대입구_015,0,홍대입구_001→홍대입구_015
홍대입구_001,홍대입구_016,0,홍대입구_001→홍대입구_016
홍대입구_001,홍대입구_017,1,홍대입구_001→홍대입구_017
홍대입구_011,홍대입구_003,0,홍대입구_011→홍대입구_003
홍대입구_018,홍대입구_003,0,홍대입구_018→홍대입구_003
홍대입구_003,홍대입구_011,1,홍대입구_003→홍대입구_011
홍대입구_003,홍대입구_018,0,홍대입구_003→홍대입구_018
홍대입구_012,홍대입구_002,0,홍대입구_012→홍대입구_002
홍대입구_002,홍대입구_012,1,홍대입구_002→홍대입구_012
신촌_004,신촌_001,0,신촌_004→신촌_001
신촌_005,신촌_001,0,신촌_005→신촌_001
신촌_006,신촌_001,0,신촌_006→신촌_001
신촌_007,신촌_001,0,신촌_007→신촌_001
신촌_008,신촌_001,0,신촌_008→신촌_001
신촌_009,신촌_001,1,신촌_009→신촌_001
신촌_010,신촌_001,1,신촌_010→신촌_001
신촌_011,신촌_001,0,신촌_011→신촌_001
신촌_001,신촌_004,1,신촌_001→신촌_004
신촌_001,신촌_005,0,신촌_001→신촌_005
신촌_001,신촌_006,1,신촌_001→신촌_006
신촌_001,신촌_007,0,신촌_001→신촌_007
신촌_001,신촌_008,0,신촌_001→신촌_008
신촌_001,신촌_009,0,신촌_001→신촌_009
신촌_001,신촌_010,1,신촌_001→신촌_010
신촌_001,신촌_011,0,신촌_001→신촌_011
이대_004,이대_001,0,이대_004→이대_001
이대_005,이대_001,0,이대_005→이대_001
이대_006,이대_001,1,이대_006→이대_001
이대_007,이대_001,0,이대_007→이대_001
이대_008,이대_001,0,이대_008→이대_001
이대_009,이대_001,1,이대_009→이대_001
이대_001,이대_004,0,이대_001→이대_004
이대_001,이대_005,0,이대_001→이대_005
이대_001,이대_006,0,이대_001→이대_006
이대_001,이대_007,0,이대_001→이대_007
이대_001,이대_008,0,이대_001→이대_008
이대_001,이대_009,1,이대_001→이대_009
아현_004,아현_001,1,아현_004→아현_001
아현_005,아현_001,1,아현_005→아현_001
아현_006,아현_001,0,아현_006→아현_001
아현_007,아현_001,1,아현_007→아현_001
아현_001,아현_004,0,아현_001→아현_004
아현_001,아현_005,0,아현_001→아현_005
아현_001,아현_006,0,아현_001→아현_006
아현_001,아현_007,1,아현_001→아현_007
충정로_010,충정로_003,0,충정로_010→충정로_003
충정로_013,충정로_003,0,충정로_013→충정로_003
충정로_014,충정로_003,0,충정로_014→충정로_003
충정로_015,충정로_003,0,충정로_015→충정로_003
충정로_003,충정로_010,0,충정로_003→충정로_010
충정로_003,충정로_013,1,충정로_003→충정로_013
충정로_003,충정로_014,0,충정로_003→충정로_014
충정로_003,충정로_015,0,충정로_003→충정로_015
충정로_011,충정로_002,0,충정로_011→충정로_002
충정로_016,충정로_002,1,충정로_016→충정로_002
충정로_002,충정로_011,0,충정로_002→충정로_011
충정로_002,충정로_016,0,충정로_002→충정로_016
충정로_012,충정로_001,0,충정로_012→충정로_001
충정로_017,충정로_001,0,충정로_017→충정로_001
충정로_018,충정로_001,1,충정로_018→충정로_001
충정로_019,충정로_001,0,충정로_019→충정로_001
충정로_001,충정로_012,0,충정로_001→충정로_012
충정로_001,충정로_017,0,충정로_001→충정로_017
충정로_001,충정로_018,0,충정로_001→충정로_018
충정로_001,충정로_019,0,충정로_001→충정로_019
신설동_007,신설동_003,0,신설동_007→신설동_003
신설동_010,신설동_003,0,신설동_010→신설동_003
신설동_011,신설동_003,0,신설동_011→신설동_003
신설동_012,신설동_003,0,신설동_012→신설동_003
신설동_003,신설동_007,0,신설동_003→신설동_007
신설동_003,신설동_010,0,신설동_003→신설동_010
신설동_003,신설동_011,1,신설동_003→신설동_011
신설동_003,신설동_012,0,신설동_003→신설동_012
신설동_008,신설동_003,1,신설동_008→신설동_003
신설동_013,신설동_003,0,신설동_013→신설동_003
신설동_014,신설동_003,0,신설동_014→신설동_003
신설동_015,신설동_003,0,신설동_015→신설동_003
신설동_003,신설동_008,0,신설동_003→신설동_008
신설동_003,신설동_013,0,신설동_003→신설동_013
신설동_003,신설동_014,0,신설동_003→신설동_014
신설동_003,신설동_015,0,신설동_003→신설동_015
신설동_009,신설동_001,0,신설동_009→신설동_001
신설동_016,신설동_001,0,신설동_016→신설동_001
신설동_017,신설동_001,1,신설동_017→신설동_001
신설동_018,신설동_001,0,신설동_018→신설동_001
신설동_001,신설동_009,0,신설동_001→신설동_009
신설동_001,신설동_016,1,신설동_001→신설동_016
신설동_001,신설동_017,1,신설동_001→신설동_017
신설동_001,신설동_018,0,신설동_001→신설동_018
도림천_007,도림천_001,0,도림천_007→도림천_001
도림천_001,도림천_007,0,도림천_001→도림천_007
도림천_008,도림천_002,1,도림천_008→도림천_002
도림천_002,도림천_008,0,도림천_002→도림천_008
양천구청_004,양천구청_001,1,양천구청_004→양천구청_001
양천구청_005,양천구청_001,0,양천구청_005→양천구청_001
양천구청_001,양천구청_004,1,양천구청_001→양천구청_004
양천구청_001,양천구청_005,0,양천구청_001→양천구청_005
신정네거리_005,신정네거리_001,0,신정네거리_005→신정네거리_001
신정네거리_006,신정네거리_001,0,신정네거리_006→신정네거리_001
신정네거리_007,신정네거리_001,1,신정네거리_007→신정네거리_001
신정네거리_008,신정네거리_001,0,신정네거리_008→신정네거리_001
신정네거리_001,신정네거리_005,1,신정네거리_001→신정네거리_005
신정네거리_001,신정네거리_006,0,신정네거리_001→신정네거리_006
신정네거리_001,신정네거리_007,1,신정네거리_001→신정네거리_007
신정네거리_001,신정네거리_008,1,신정네거리_001→신정네거리_008
까치산_008,까치산_001,0,까치산_008→까치산_001
까치산_009,까치산_001,0,까치산_009→까치산_001
까치산_010,까치산_001,1,까치산_010→까치산_001
까치산_011,까치산_001,0,까치산_011→까치산_001
까치산_001,까치산_008,1,까치산_001→까치산_008
까치산_001,까치산_009,1,까치산_001→까치산_009
까치산_001,까치산_010,0,까치산_001→까치산_010
까치산_001,까치산_011,0,까치산_001→까치산_011
신도림_009,신도림_001,1,신도림_009→신도림_001
신도림_015,신도림_001,1,신도림_015→신도림_001
신도림_016,신도림_001,0,신도림_016→신도림_001
신도림_001,신도림_009,1,신도림_001→신도림_009
신도림_001,신도림_015,0,신도림_001→신도림_015
신도림_001,신도림_016,0,신도림_001→신도림_016
신도림_010,신도림_002,0,신도림_010→신도림_002
신도림_017,신도림_002,0,신도림_017→신도림_002
신도림_018,신도림_002,1,신도림_018→신도림_002
신도림_002,신도림_010,1,신도림_002→신도림_010
신도림_002,신도림_017,1,신도림_002→신도림_017
신도림_002,신도림_018,0,신도림_002→신도림_018
건대입구_004,건대입구_001,0,건대입구_004→건대입구_001
구로디지털단지_003,구로디지털단지_001,0,구로디지털단지_003→구로디지털단지_001
동대문역사문화공원_008,동대문역사문화공원_001,0,동대문역사문화공원_008→동대문역사문화공원_001
동대문역사문화공원_010,동대문역사문화공원_003,0,동대문역사문화공원_010→동대문역사문화공원_003
상왕십리_003,상왕십리_001,0,상왕십리_003→상왕십리_001
서울대입구_002,서울대입구_001,0,서울대입구_002→서울대입구_001
신정네거리_003,신정네거리_002,1,신정네거리_003→신정네거리_002
신정네거리_004,신정네거리_001,0,신정네거리_004→신정네거리_001
양천구청_002,양천구청_001,0,양천구청_002→양천구청_001
영등포구청_007,영등포구청_001,1,영등포구청_007→영등포구청_001
영등포구청_008,영등포구청_003,0,영등포구청_008→영등포구청_003
영등포구청_008,영등포구청_004,1,영등포구청_008→영등포구청_004
영등포구청_009,영등포구청_005,1,영등포구청_009→영등포구청_005
을지로3가_006,을지로3가_003,0,을지로3가_006→을지로3가_003
을지로3가_007,을지로3가_002,0,을지로3가_007→을지로3가_002
을지로4가_007,을지로4가_001,0,을지로4가_007→을지로4가_001
을지로4가_008,을지로4가_003,0,을지로4가_008→을지로4가_003
을지로4가_008,을지로4가_004,1,을지로4가_008→을지로4가_004
을지로4가_009,을지로4가_005,0,을지로4가_009→을지로4가_005
을지로입구_002,을지로입구_001,0,을지로입구_002→을지로입구_001
잠실나루_002,잠실나루_001,1,잠실나루_002→잠실나루_001
잠실새내_002,잠실새내_001,0,잠실새내_002→잠실새내_001
종합운동장_005,종합운동장_001,0,종합운동장_005→종합운동장_001
홍대입구_005,홍대입구_001,0,홍대입구_005→홍대입구_001
